name,sort_num,sort_letter,contour_path,units,w,h,d,criss_cross,layer_final_geom,layer_derived_curves,layer_original_curves,layer_scaled_curve,layer_curve_bbox,layer_images,picture_path,img_w,img_h,min_x,min_z,max_x,max_z,left_margin,right_margin,top_margin,bottom_margin
161a,161,a,/Users/polinastepanova/Desktop/Work_2025-2026/LGA_Work/JM6/Silhouettes/Offit Modified/Offit Contours/161a_silhouette_contour.svg,cm,18,24,3,FALSE,Item_161a::Final_Geom,Item_161a::Face_Curves,Item_161a::Original_Curve,AutoCAD::Item_161a::Scaled_Curve,AutoCAD::Item_161a::Curve_Bbox,Item_161a::Images,/Users/polinastepanova/Desktop/Work_2025-2026/LGA_Work/JM6/Silhouettes/Offit Modified/Offit Silhouettes/Combined/161a_silhouette.png,568,698,5,3,552,688,5,15,3,9
161b,161,b,/Users/polinastepanova/Desktop/Work_2025-2026/LGA_Work/JM6/Silhouettes/Offit Modified/Offit Contours/161b_silhouette_contour.svg,cm,18,24,3,FALSE,Item_161b::Final_Geom,Item_161b::Face_Curves,Item_161b::Original_Curve,AutoCAD::Item_161b::Scaled_Curve,AutoCAD::Item_161b::Curve_Bbox,Item_161b::Images,/Users/polinastepanova/Desktop/Work_2025-2026/LGA_Work/JM6/Silhouettes/Offit Modified/Offit Silhouettes/Combined/161b_silhouette.png,586,704,3,5,576,682,3,9,5,21
162a,162,a,/Users/polinastepanova/Desktop/Work_2025-2026/LGA_Work/JM6/Silhouettes/Offit Modified/Offit Contours/162a_silhouette_contour.svg,cm,18,24,3,FALSE,Item_162a::Final_Geom,Item_162a::Face_Curves,Item_162a::Original_Curve,AutoCAD::Item_162a::Scaled_Curve,AutoCAD::Item_162a::Curve_Bbox,Item_162a::Images,/Users/polinastepanova/Desktop/Work_2025-2026/LGA_Work/JM6/Silhouettes/Offit Modified/Offit Silhouettes/Combined/162a_silhouette.png,273,337,3,4,266,330,3,6,4,6
162b,162,b,/Users/polinastepanova/Desktop/Work_2025-2026/LGA_Work/JM6/Silhouettes/Offit Modified/Offit Contours/162b_silhouette_contour.svg,cm,18,24,3,FALSE,Item_162b::Final_Geom,Item_162b::Face_Curves,Item_162b::Original_Curve,AutoCAD::Item_162b::Scaled_Curve,AutoCAD::Item_162b::Curve_Bbox,Item_162b::Images,/Users/polinastepanova/Desktop/Work_2025-2026/LGA_Work/JM6/Silhouettes/Offit Modified/Offit Silhouettes/Combined/162b_silhouette.png,560,706,1,5,559,705,1,0,5,0
163,163,,/Users/polinastepanova/Desktop/Work_2025-2026/LGA_Work/JM6/Silhouettes/Offit Modified/Offit Contours/163_silhouette_contour.svg,cm,21.3,32.4,3,FALSE,Item_163::Final_Geom,Item_163::Face_Curves,Item_163::Original_Curve,AutoCAD::Item_163::Scaled_Curve,AutoCAD::Item_163::Curve_Bbox,Item_163::Images,/Users/polinastepanova/Desktop/Work_2025-2026/LGA_Work/JM6/Silhouettes/Offit Modified/Offit Silhouettes/Combined/163_silhouette.png,1600,1376,26,25,1571,1358,26,28,25,17
164,164,,/Users/polinastepanova/Desktop/Work_2025-2026/LGA_Work/JM6/Silhouettes/Offit Modified/Offit Contours/164_silhouette_contour.svg,cm,58.7,49.7,3,FALSE,Item_164::Final_Geom,Item_164::Face_Curves,Item_164::Original_Curve,AutoCAD::Item_164::Scaled_Curve,AutoCAD::Item_164::Curve_Bbox,Item_164::Images,/Users/polinastepanova/Desktop/Work_2025-2026/LGA_Work/JM6/Silhouettes/Offit Modified/Offit Silhouettes/Combined/164_silhouette.png,1600,1200,50,45,1561,1157,50,38,45,42
165,165,,/Users/polinastepanova/Desktop/Work_2025-2026/LGA_Work/JM6/Silhouettes/Offit Modified/Offit Contours/165_silhouette_contour.svg,cm,231.1,31.8,3,FALSE,Item_165::Final_Geom,Item_165::Face_Curves,Item_165::Original_Curve,AutoCAD::Item_165::Scaled_Curve,AutoCAD::Item_165::Curve_Bbox,Item_165::Images,/Users/polinastepanova/Desktop/Work_2025-2026/LGA_Work/JM6/Silhouettes/Offit Modified/Offit Silhouettes/Combined/165_silhouette.png,1600,1260,37,27,1575,1233,37,24,27,26
166,166,,/Users/polinastepanova/Desktop/Work_2025-2026/LGA_Work/JM6/Silhouettes/Offit Modified/Offit Contours/166_silhouette_contour.svg,cm,21.2,33,3,FALSE,Item_166::Final_Geom,Item_166::Face_Curves,Item_166::Original_Curve,AutoCAD::Item_166::Scaled_Curve,AutoCAD::Item_166::Curve_Bbox,Item_166::Images,/Users/polinastepanova/Desktop/Work_2025-2026/LGA_Work/JM6/Silhouettes/Offit Modified/Offit Silhouettes/Combined/166_silhouette.png,598,434,0,0,597,431,0,0,0,2
167,167,,/Users/polinastepanova/Desktop/Work_2025-2026/LGA_Work/JM6/Silhouettes/Offit Modified/Offit Contours/167_silhouette_contour.svg,cm,10.2,14.1,3,FALSE,Item_167::Final_Geom,Item_167::Face_Curves,Item_167::Original_Curve,AutoCAD::Item_167::Scaled_Curve,AutoCAD::Item_167::Curve_Bbox,Item_167::Images,/Users/polinastepanova/Desktop/Work_2025-2026/LGA_Work/JM6/Silhouettes/Offit Modified/Offit Silhouettes/Combined/167_silhouette.png,1572,1080,0,0,1571,1079,0,0,0,0
168,168,,/Users/polinastepanova/Desktop/Work_2025-2026/LGA_Work/JM6/Silhouettes/Offit Modified/Offit Contours/168_silhouette_contour.svg,cm,38,19,3,FALSE,Item_168::Final_Geom,Item_168::Face_Curves,Item_168::Original_Curve,AutoCAD::Item_168::Scaled_Curve,AutoCAD::Item_168::Curve_Bbox,Item_168::Images,/Users/polinastepanova/Desktop/Work_2025-2026/LGA_Work/JM6/Silhouettes/Offit Modified/Offit Silhouettes/Combined/168_silhouette.png,1428,943,0,8,1427,942,0,0,8,0
169,169,,/Users/polinastepanova/Desktop/Work_2025-2026/LGA_Work/JM6/Silhouettes/Offit Modified/Offit Contours/169_silhouette_contour.svg,cm,13,25,3,FALSE,Item_169::Final_Geom,Item_169::Face_Curves,Item_169::Original_Curve,AutoCAD::Item_169::Scaled_Curve,AutoCAD::Item_169::Curve_Bbox,Item_169::Images,/Users/polinastepanova/Desktop/Work_2025-2026/LGA_Work/JM6/Silhouettes/Offit Modified/Offit Silhouettes/Combined/169_silhouette.png,290,431,7,7,281,426,7,8,7,4
171,171,,/Users/polinastepanova/Desktop/Work_2025-2026/LGA_Work/JM6/Silhouettes/Offit Modified/Offit Contours/171_silhouette_contour.svg,cm,19.2,30.5,3,FALSE,Item_171::Final_Geom,Item_171::Face_Curves,Item_171::Original_Curve,AutoCAD::Item_171::Scaled_Curve,AutoCAD::Item_171::Curve_Bbox,Item_171::Images,/Users/polinastepanova/Desktop/Work_2025-2026/LGA_Work/JM6/Silhouettes/Offit Modified/Offit Silhouettes/Combined/171_silhouette.png,1276,1053,0,0,1275,1052,0,0,0,0
173,173,,/Users/polinastepanova/Desktop/Work_2025-2026/LGA_Work/JM6/Silhouettes/Offit Modified/Offit Contours/173_silhouette_contour.svg,cm,17.5,24.5,3,FALSE,Item_173::Final_Geom,Item_173::Face_Curves,Item_173::Original_Curve,AutoCAD::Item_173::Scaled_Curve,AutoCAD::Item_173::Curve_Bbox,Item_173::Images,/Users/polinastepanova/Desktop/Work_2025-2026/LGA_Work/JM6/Silhouettes/Offit Modified/Offit Silhouettes/Combined/173_silhouette.png,587,356,35,15,546,337,35,40,15,18
174,174,,/Users/polinastepanova/Desktop/Work_2025-2026/LGA_Work/JM6/Silhouettes/Offit Modified/Offit Contours/174_silhouette_contour.svg,cm,11.1,17.5,3,FALSE,Item_174::Final_Geom,Item_174::Face_Curves,Item_174::Original_Curve,AutoCAD::Item_174::Scaled_Curve,AutoCAD::Item_174::Curve_Bbox,Item_174::Images,/Users/polinastepanova/Desktop/Work_2025-2026/LGA_Work/JM6/Silhouettes/Offit Modified/Offit Silhouettes/Combined/174_silhouette.png,1033,1600,0,0,1032,1599,0,0,0,0
175,175,,/Users/polinastepanova/Desktop/Work_2025-2026/LGA_Work/JM6/Silhouettes/Offit Modified/Offit Contours/175_silhouette_contour.svg,cm,96.5,111.8,3,FALSE,Item_175::Final_Geom,Item_175::Face_Curves,Item_175::Original_Curve,AutoCAD::Item_175::Scaled_Curve,AutoCAD::Item_175::Curve_Bbox,Item_175::Images,/Users/polinastepanova/Desktop/Work_2025-2026/LGA_Work/JM6/Silhouettes/Offit Modified/Offit Silhouettes/Combined/175_silhouette.png,1458,1600,20,21,1431,1579,20,26,21,20
176,176,,/Users/polinastepanova/Desktop/Work_2025-2026/LGA_Work/JM6/Silhouettes/Offit Modified/Offit Contours/176_silhouette_contour.svg,cm,37.7,30.5,3,FALSE,Item_176::Final_Geom,Item_176::Face_Curves,Item_176::Original_Curve,AutoCAD::Item_176::Scaled_Curve,AutoCAD::Item_176::Curve_Bbox,Item_176::Images,/Users/polinastepanova/Desktop/Work_2025-2026/LGA_Work/JM6/Silhouettes/Offit Modified/Offit Silhouettes/Combined/176_silhouette.png,1038,1600,81,80,952,1512,81,85,80,87
178a,178,a,/Users/polinastepanova/Desktop/Work_2025-2026/LGA_Work/JM6/Silhouettes/Offit Modified/Offit Contours/178a_silhouette_contour.svg,cm,40,24,3,FALSE,Item_178a::Final_Geom,Item_178a::Face_Curves,Item_178a::Original_Curve,AutoCAD::Item_178a::Scaled_Curve,AutoCAD::Item_178a::Curve_Bbox,Item_178a::Images,/Users/polinastepanova/Desktop/Work_2025-2026/LGA_Work/JM6/Silhouettes/Offit Modified/Offit Silhouettes/Combined/178a_silhouette.png,1600,938,20,9,1584,911,20,15,9,26
178b,178,b,/Users/polinastepanova/Desktop/Work_2025-2026/LGA_Work/JM6/Silhouettes/Offit Modified/Offit Contours/178b_silhouette_contour.svg,cm,40,24,3,FALSE,Item_178b::Final_Geom,Item_178b::Face_Curves,Item_178b::Original_Curve,AutoCAD::Item_178b::Scaled_Curve,AutoCAD::Item_178b::Curve_Bbox,Item_178b::Images,/Users/polinastepanova/Desktop/Work_2025-2026/LGA_Work/JM6/Silhouettes/Offit Modified/Offit Silhouettes/Combined/178b_silhouette.png,1600,989,25,3,1583,970,25,16,3,18
178c,178,c,/Users/polinastepanova/Desktop/Work_2025-2026/LGA_Work/JM6/Silhouettes/Offit Modified/Offit Contours/178c_silhouette_contour.svg,cm,40,24,3,FALSE,Item_178c::Final_Geom,Item_178c::Face_Curves,Item_178c::Original_Curve,AutoCAD::Item_178c::Scaled_Curve,AutoCAD::Item_178c::Curve_Bbox,Item_178c::Images,/Users/polinastepanova/Desktop/Work_2025-2026/LGA_Work/JM6/Silhouettes/Offit Modified/Offit Silhouettes/Combined/178c_silhouette.png,1600,944,27,20,1576,919,27,23,20,24
178d,178,d,/Users/polinastepanova/Desktop/Work_2025-2026/LGA_Work/JM6/Silhouettes/Offit Modified/Offit Contours/178d_silhouette_contour.svg,cm,40,24,3,FALSE,Item_178d::Final_Geom,Item_178d::Face_Curves,Item_178d::Original_Curve,AutoCAD::Item_178d::Scaled_Curve,AutoCAD::Item_178d::Curve_Bbox,Item_178d::Images,/Users/polinastepanova/Desktop/Work_2025-2026/LGA_Work/JM6/Silhouettes/Offit Modified/Offit Silhouettes/Combined/178d_silhouette.png,1600,930,9,8,1593,903,9,6,8,26
179,179,,/Users/polinastepanova/Desktop/Work_2025-2026/LGA_Work/JM6/Silhouettes/Offit Modified/Offit Contours/179_silhouette_contour.svg,cm,47.6,35.2,3,FALSE,Item_179::Final_Geom,Item_179::Face_Curves,Item_179::Original_Curve,AutoCAD::Item_179::Scaled_Curve,AutoCAD::Item_179::Curve_Bbox,Item_179::Images,/Users/polinastepanova/Desktop/Work_2025-2026/LGA_Work/JM6/Silhouettes/Offit Modified/Offit Silhouettes/Combined/179_silhouette.png,1600,1165,9,2,1588,1148,9,11,2,16
180,180,,/Users/polinastepanova/Desktop/Work_2025-2026/LGA_Work/JM6/Silhouettes/Offit Modified/Offit Contours/180_silhouette_contour.svg,cm,54.6,91.4,3,FALSE,Item_180::Final_Geom,Item_180::Face_Curves,Item_180::Original_Curve,AutoCAD::Item_180::Scaled_Curve,AutoCAD::Item_180::Curve_Bbox,Item_180::Images,/Users/polinastepanova/Desktop/Work_2025-2026/LGA_Work/JM6/Silhouettes/Offit Modified/Offit Silhouettes/Combined/180_silhouette.png,986,1425,37,2,967,1424,37,18,2,0
181,181,,/Users/polinastepanova/Desktop/Work_2025-2026/LGA_Work/JM6/Silhouettes/Offit Modified/Offit Contours/181_silhouette_contour.svg,cm,57.2,82.6,3,FALSE,Item_181::Final_Geom,Item_181::Face_Curves,Item_181::Original_Curve,AutoCAD::Item_181::Scaled_Curve,AutoCAD::Item_181::Curve_Bbox,Item_181::Images,/Users/polinastepanova/Desktop/Work_2025-2026/LGA_Work/JM6/Silhouettes/Offit Modified/Offit Silhouettes/Combined/181_silhouette.png,958,1389,14,3,946,1386,14,11,3,2
182,182,,/Users/polinastepanova/Desktop/Work_2025-2026/LGA_Work/JM6/Silhouettes/Offit Modified/Offit Contours/182_silhouette_contour.svg,cm,54.6,86.4,3,FALSE,Item_182::Final_Geom,Item_182::Face_Curves,Item_182::Original_Curve,AutoCAD::Item_182::Scaled_Curve,AutoCAD::Item_182::Curve_Bbox,Item_182::Images,/Users/polinastepanova/Desktop/Work_2025-2026/LGA_Work/JM6/Silhouettes/Offit Modified/Offit Silhouettes/Combined/182_silhouette.png,872,1290,26,8,866,1284,26,5,8,5
183,183,,/Users/polinastepanova/Desktop/Work_2025-2026/LGA_Work/JM6/Silhouettes/Offit Modified/Offit Contours/183_silhouette_contour.svg,cm,244,80,10,FALSE,Item_183::Final_Geom,Item_183::Face_Curves,Item_183::Original_Curve,AutoCAD::Item_183::Scaled_Curve,AutoCAD::Item_183::Curve_Bbox,Item_183::Images,/Users/polinastepanova/Desktop/Work_2025-2026/LGA_Work/JM6/Silhouettes/Offit Modified/Offit Silhouettes/Combined/183_silhouette.png,800,303,3,19,799,286,3,0,19,16
186,186,,/Users/polinastepanova/Desktop/Work_2025-2026/LGA_Work/JM6/Silhouettes/Offit Modified/Offit Contours/186_silhouette_contour.svg,cm,29.5,24.8,5.7,FALSE,Item_186::Final_Geom,Item_186::Face_Curves,Item_186::Original_Curve,AutoCAD::Item_186::Scaled_Curve,AutoCAD::Item_186::Curve_Bbox,Item_186::Images,/Users/polinastepanova/Desktop/Work_2025-2026/LGA_Work/JM6/Silhouettes/Offit Modified/Offit Silhouettes/Combined/186_silhouette.png,800,707,37,37,761,668,37,38,37,38
187,187,,/Users/polinastepanova/Desktop/Work_2025-2026/LGA_Work/JM6/Silhouettes/Offit Modified/Offit Contours/187_silhouette_contour.svg,cm,25.2,20,7.3,FALSE,Item_187::Final_Geom,Item_187::Face_Curves,Item_187::Original_Curve,AutoCAD::Item_187::Scaled_Curve,AutoCAD::Item_187::Curve_Bbox,Item_187::Images,/Users/polinastepanova/Desktop/Work_2025-2026/LGA_Work/JM6/Silhouettes/Offit Modified/Offit Silhouettes/Combined/187_silhouette.png,800,649,20,6,774,627,20,25,6,21
188,188,,/Users/polinastepanova/Desktop/Work_2025-2026/LGA_Work/JM6/Silhouettes/Offit Modified/Offit Contours/188_silhouette_contour.svg,cm,26.7,18.4,9.2,FALSE,Item_188::Final_Geom,Item_188::Face_Curves,Item_188::Original_Curve,AutoCAD::Item_188::Scaled_Curve,AutoCAD::Item_188::Curve_Bbox,Item_188::Images,/Users/polinastepanova/Desktop/Work_2025-2026/LGA_Work/JM6/Silhouettes/Offit Modified/Offit Silhouettes/Combined/188_silhouette.png,800,584,12,20,776,569,12,23,20,14
190,190,,/Users/polinastepanova/Desktop/Work_2025-2026/LGA_Work/JM6/Silhouettes/Offit Modified/Offit Contours/190_silhouette_contour.svg,cm,39,39,4.1,FALSE,Item_190::Final_Geom,Item_190::Face_Curves,Item_190::Original_Curve,AutoCAD::Item_190::Scaled_Curve,AutoCAD::Item_190::Curve_Bbox,Item_190::Images,/Users/polinastepanova/Desktop/Work_2025-2026/LGA_Work/JM6/Silhouettes/Offit Modified/Offit Silhouettes/Combined/190_silhouette.png,602,800,39,8,558,782,39,43,8,17
191,191,,/Users/polinastepanova/Desktop/Work_2025-2026/LGA_Work/JM6/Silhouettes/Offit Modified/Offit Contours/191_silhouette_contour.svg,cm,15.4,17.7,5,FALSE,Item_191::Final_Geom,Item_191::Face_Curves,Item_191::Original_Curve,AutoCAD::Item_191::Scaled_Curve,AutoCAD::Item_191::Curve_Bbox,Item_191::Images,/Users/polinastepanova/Desktop/Work_2025-2026/LGA_Work/JM6/Silhouettes/Offit Modified/Offit Silhouettes/Combined/191_silhouette.png,615,800,47,0,572,784,47,42,0,15
192,192,,/Users/polinastepanova/Desktop/Work_2025-2026/LGA_Work/JM6/Silhouettes/Offit Modified/Offit Contours/192_silhouette_contour.svg,in,4,7,4,TRUE,Item_192::Final_Geom,Item_192::Face_Curves,Item_192::Original_Curve,AutoCAD::Item_192::Scaled_Curve,AutoCAD::Item_192::Curve_Bbox,Item_192::Images,/Users/polinastepanova/Desktop/Work_2025-2026/LGA_Work/JM6/Silhouettes/Offit Modified/Offit Silhouettes/Combined/192_silhouette.png,763,800,57,18,738,780,57,24,18,19
193,193,,/Users/polinastepanova/Desktop/Work_2025-2026/LGA_Work/JM6/Silhouettes/Offit Modified/Offit Contours/193_silhouette_contour.svg,in,4,7,4,TRUE,Item_193::Final_Geom,Item_193::Face_Curves,Item_193::Original_Curve,AutoCAD::Item_193::Scaled_Curve,AutoCAD::Item_193::Curve_Bbox,Item_193::Images,/Users/polinastepanova/Desktop/Work_2025-2026/LGA_Work/JM6/Silhouettes/Offit Modified/Offit Silhouettes/Combined/193_silhouette.png,540,800,104,47,418,781,104,121,47,18
194,194,,/Users/polinastepanova/Desktop/Work_2025-2026/LGA_Work/JM6/Silhouettes/Offit Modified/Offit Contours/194_silhouette_contour.svg,in,4,7,4,TRUE,Item_194::Final_Geom,Item_194::Face_Curves,Item_194::Original_Curve,AutoCAD::Item_194::Scaled_Curve,AutoCAD::Item_194::Curve_Bbox,Item_194::Images,/Users/polinastepanova/Desktop/Work_2025-2026/LGA_Work/JM6/Silhouettes/Offit Modified/Offit Silhouettes/Combined/194_silhouette.png,768,800,35,0,707,776,35,60,0,23
195,195,,/Users/polinastepanova/Desktop/Work_2025-2026/LGA_Work/JM6/Silhouettes/Offit Modified/Offit Contours/195_silhouette_contour.svg,cm,19.1,36.5,1.7,FALSE,Item_195::Final_Geom,Item_195::Face_Curves,Item_195::Original_Curve,AutoCAD::Item_195::Scaled_Curve,AutoCAD::Item_195::Curve_Bbox,Item_195::Images,/Users/polinastepanova/Desktop/Work_2025-2026/LGA_Work/JM6/Silhouettes/Offit Modified/Offit Silhouettes/Combined/195_silhouette.png,451,800,21,14,426,788,21,24,14,11
196,196,,/Users/polinastepanova/Desktop/Work_2025-2026/LGA_Work/JM6/Silhouettes/Offit Modified/Offit Contours/196_silhouette_contour.svg,cm,42.2,52.6,5,FALSE,Item_196::Final_Geom,Item_196::Face_Curves,Item_196::Original_Curve,AutoCAD::Item_196::Scaled_Curve,AutoCAD::Item_196::Curve_Bbox,Item_196::Images,/Users/polinastepanova/Desktop/Work_2025-2026/LGA_Work/JM6/Silhouettes/Offit Modified/Offit Silhouettes/Combined/196_silhouette.png,294,376,14,16,288,365,14,5,16,10
197,197,,/Users/polinastepanova/Desktop/Work_2025-2026/LGA_Work/JM6/Silhouettes/Offit Modified/Offit Contours/197_silhouette_contour.svg,cm,41.1,52.3,5,FALSE,Item_197::Final_Geom,Item_197::Face_Curves,Item_197::Original_Curve,AutoCAD::Item_197::Scaled_Curve,AutoCAD::Item_197::Curve_Bbox,Item_197::Images,/Users/polinastepanova/Desktop/Work_2025-2026/LGA_Work/JM6/Silhouettes/Offit Modified/Offit Silhouettes/Combined/197_silhouette.png,360,474,17,16,355,466,17,4,16,7
198,198,,/Users/polinastepanova/Desktop/Work_2025-2026/LGA_Work/JM6/Silhouettes/Offit Modified/Offit Contours/198_silhouette_contour.svg,cm,30.5,68.6,2.7,FALSE,Item_198::Final_Geom,Item_198::Face_Curves,Item_198::Original_Curve,AutoCAD::Item_198::Scaled_Curve,AutoCAD::Item_198::Curve_Bbox,Item_198::Images,/Users/polinastepanova/Desktop/Work_2025-2026/LGA_Work/JM6/Silhouettes/Offit Modified/Offit Silhouettes/Combined/198_silhouette.png,553,800,14,0,546,780,14,6,0,19
199,199,,/Users/polinastepanova/Desktop/Work_2025-2026/LGA_Work/JM6/Silhouettes/Offit Modified/Offit Contours/199_silhouette_contour.svg,cm,50,73,3,FALSE,Item_199::Final_Geom,Item_199::Face_Curves,Item_199::Original_Curve,AutoCAD::Item_199::Scaled_Curve,AutoCAD::Item_199::Curve_Bbox,Item_199::Images,/Users/polinastepanova/Desktop/Work_2025-2026/LGA_Work/JM6/Silhouettes/Offit Modified/Offit Silhouettes/Combined/199_silhouette.png,670,916,9,10,661,909,9,8,10,6
200,200,,/Users/polinastepanova/Desktop/Work_2025-2026/LGA_Work/JM6/Silhouettes/Offit Modified/Offit Contours/200_silhouette_contour.svg,cm,13.1,24.8,13.1,TRUE,Item_200::Final_Geom,Item_200::Face_Curves,Item_200::Original_Curve,AutoCAD::Item_200::Scaled_Curve,AutoCAD::Item_200::Curve_Bbox,Item_200::Images,/Users/polinastepanova/Desktop/Work_2025-2026/LGA_Work/JM6/Silhouettes/Offit Modified/Offit Silhouettes/Combined/200_silhouette.png,410,800,20,9,396,789,20,13,9,10
204,204,,/Users/polinastepanova/Desktop/Work_2025-2026/LGA_Work/JM6/Silhouettes/Offit Modified/Offit Contours/204_silhouette_contour.svg,cm,12.6,11.5,0.8,FALSE,Item_204::Final_Geom,Item_204::Face_Curves,Item_204::Original_Curve,AutoCAD::Item_204::Scaled_Curve,AutoCAD::Item_204::Curve_Bbox,Item_204::Images,/Users/polinastepanova/Desktop/Work_2025-2026/LGA_Work/JM6/Silhouettes/Offit Modified/Offit Silhouettes/Combined/204_silhouette.png,800,721,28,21,746,681,28,53,21,39
205,205,,/Users/polinastepanova/Desktop/Work_2025-2026/LGA_Work/JM6/Silhouettes/Offit Modified/Offit Contours/205_silhouette_contour.svg,cm,13.3,8.1,1,FALSE,Item_205::Final_Geom,Item_205::Face_Curves,Item_205::Original_Curve,AutoCAD::Item_205::Scaled_Curve,AutoCAD::Item_205::Curve_Bbox,Item_205::Images,/Users/polinastepanova/Desktop/Work_2025-2026/LGA_Work/JM6/Silhouettes/Offit Modified/Offit Silhouettes/Combined/205_silhouette.png,800,689,27,11,786,661,27,13,11,27
206,206,,/Users/polinastepanova/Desktop/Work_2025-2026/LGA_Work/JM6/Silhouettes/Offit Modified/Offit Contours/206_silhouette_contour.svg,cm,11.7,6.5,6.4,TRUE,Item_206::Final_Geom,Item_206::Face_Curves,Item_206::Original_Curve,AutoCAD::Item_206::Scaled_Curve,AutoCAD::Item_206::Curve_Bbox,Item_206::Images,/Users/polinastepanova/Desktop/Work_2025-2026/LGA_Work/JM6/Silhouettes/Offit Modified/Offit Silhouettes/Combined/206_silhouette.png,800,679,49,73,758,647,49,41,73,31
208,208,,/Users/polinastepanova/Desktop/Work_2025-2026/LGA_Work/JM6/Silhouettes/Offit Modified/Offit Contours/208_silhouette_contour.svg,cm,1,1,1,FALSE,Item_208::Final_Geom,Item_208::Face_Curves,Item_208::Original_Curve,AutoCAD::Item_208::Scaled_Curve,AutoCAD::Item_208::Curve_Bbox,Item_208::Images,/Users/polinastepanova/Desktop/Work_2025-2026/LGA_Work/JM6/Silhouettes/Offit Modified/Offit Silhouettes/Combined/208_silhouette.png,387,800,25,63,354,763,25,32,63,36
209,209,,/Users/polinastepanova/Desktop/Work_2025-2026/LGA_Work/JM6/Silhouettes/Offit Modified/Offit Contours/209_silhouette_contour.svg,cm,8.4,19.7,8.4,TRUE,Item_209::Final_Geom,Item_209::Face_Curves,Item_209::Original_Curve,AutoCAD::Item_209::Scaled_Curve,AutoCAD::Item_209::Curve_Bbox,Item_209::Images,/Users/polinastepanova/Desktop/Work_2025-2026/LGA_Work/JM6/Silhouettes/Offit Modified/Offit Silhouettes/Combined/209_silhouette.png,371,800,23,20,344,776,23,26,20,23
210,210,,/Users/polinastepanova/Desktop/Work_2025-2026/LGA_Work/JM6/Silhouettes/Offit Modified/Offit Contours/210_silhouette_contour.svg,cm,9.5,9.5,9.5,TRUE,Item_210::Final_Geom,Item_210::Face_Curves,Item_210::Original_Curve,AutoCAD::Item_210::Scaled_Curve,AutoCAD::Item_210::Curve_Bbox,Item_210::Images,/Users/polinastepanova/Desktop/Work_2025-2026/LGA_Work/JM6/Silhouettes/Offit Modified/Offit Silhouettes/Combined/210_silhouette.png,756,800,32,18,733,795,32,22,18,4
211,211,,/Users/polinastepanova/Desktop/Work_2025-2026/LGA_Work/JM6/Silhouettes/Offit Modified/Offit Contours/211_silhouette_contour.svg,cm,7,17.8,7,TRUE,Item_211::Final_Geom,Item_211::Face_Curves,Item_211::Original_Curve,AutoCAD::Item_211::Scaled_Curve,AutoCAD::Item_211::Curve_Bbox,Item_211::Images,/Users/polinastepanova/Desktop/Work_2025-2026/LGA_Work/JM6/Silhouettes/Offit Modified/Offit Silhouettes/Combined/211_silhouette.png,360,800,23,0,305,788,23,54,0,11
212,212,,/Users/polinastepanova/Desktop/Work_2025-2026/LGA_Work/JM6/Silhouettes/Offit Modified/Offit Contours/212_silhouette_contour.svg,cm,12.5,19.3,12.5,TRUE,Item_212::Final_Geom,Item_212::Face_Curves,Item_212::Original_Curve,AutoCAD::Item_212::Scaled_Curve,AutoCAD::Item_212::Curve_Bbox,Item_212::Images,/Users/polinastepanova/Desktop/Work_2025-2026/LGA_Work/JM6/Silhouettes/Offit Modified/Offit Silhouettes/Combined/212_silhouette.png,446,800,9,8,425,778,9,20,8,21
213,213,,/Users/polinastepanova/Desktop/Work_2025-2026/LGA_Work/JM6/Silhouettes/Offit Modified/Offit Contours/213_silhouette_contour.svg,cm,13.4,18.5,13.4,TRUE,Item_213::Final_Geom,Item_213::Face_Curves,Item_213::Original_Curve,AutoCAD::Item_213::Scaled_Curve,AutoCAD::Item_213::Curve_Bbox,Item_213::Images,/Users/polinastepanova/Desktop/Work_2025-2026/LGA_Work/JM6/Silhouettes/Offit Modified/Offit Silhouettes/Combined/213_silhouette.png,467,800,19,53,446,781,19,20,53,18
214,214,,/Users/polinastepanova/Desktop/Work_2025-2026/LGA_Work/JM6/Silhouettes/Offit Modified/Offit Contours/214_silhouette_contour.svg,cm,14.1,36.9,14.1,TRUE,Item_214::Final_Geom,Item_214::Face_Curves,Item_214::Original_Curve,AutoCAD::Item_214::Scaled_Curve,AutoCAD::Item_214::Curve_Bbox,Item_214::Images,/Users/polinastepanova/Desktop/Work_2025-2026/LGA_Work/JM6/Silhouettes/Offit Modified/Offit Silhouettes/Combined/214_silhouette.png,325,800,31,13,300,782,31,24,13,17
215,215,,/Users/polinastepanova/Desktop/Work_2025-2026/LGA_Work/JM6/Silhouettes/Offit Modified/Offit Contours/215_silhouette_contour.svg,cm,7,20.9,7,TRUE,Item_215::Final_Geom,Item_215::Face_Curves,Item_215::Original_Curve,AutoCAD::Item_215::Scaled_Curve,AutoCAD::Item_215::Curve_Bbox,Item_215::Images,/Users/polinastepanova/Desktop/Work_2025-2026/LGA_Work/JM6/Silhouettes/Offit Modified/Offit Silhouettes/Combined/215_silhouette.png,342,800,52,12,295,776,52,46,12,23
216,216,,/Users/polinastepanova/Desktop/Work_2025-2026/LGA_Work/JM6/Silhouettes/Offit Modified/Offit Contours/216_silhouette_contour.svg,cm,14.5,19.4,9.3,TRUE,Item_216::Final_Geom,Item_216::Face_Curves,Item_216::Original_Curve,AutoCAD::Item_216::Scaled_Curve,AutoCAD::Item_216::Curve_Bbox,Item_216::Images,/Users/polinastepanova/Desktop/Work_2025-2026/LGA_Work/JM6/Silhouettes/Offit Modified/Offit Silhouettes/Combined/216_silhouette.png,449,557,16,9,439,535,16,9,9,21
219,219,,/Users/polinastepanova/Desktop/Work_2025-2026/LGA_Work/JM6/Silhouettes/Offit Modified/Offit Contours/219_silhouette_contour.svg,cm,21.6,5.1,5.1,FALSE,Item_219::Final_Geom,Item_219::Face_Curves,Item_219::Original_Curve,AutoCAD::Item_219::Scaled_Curve,AutoCAD::Item_219::Curve_Bbox,Item_219::Images,/Users/polinastepanova/Desktop/Work_2025-2026/LGA_Work/JM6/Silhouettes/Offit Modified/Offit Silhouettes/Combined/219_silhouette.png,800,331,8,53,793,301,8,6,53,29
230,230,,/Users/polinastepanova/Desktop/Work_2025-2026/LGA_Work/JM6/Silhouettes/Offit Modified/Offit Contours/230_silhouette_contour.svg,cm,26.7,1.9,1.9,FALSE,Item_230::Final_Geom,Item_230::Face_Curves,Item_230::Original_Curve,AutoCAD::Item_230::Scaled_Curve,AutoCAD::Item_230::Curve_Bbox,Item_230::Images,/Users/polinastepanova/Desktop/Work_2025-2026/LGA_Work/JM6/Silhouettes/Offit Modified/Offit Silhouettes/Combined/230_silhouette.png,800,528,12,56,774,515,12,25,56,12
234,234,,/Users/polinastepanova/Desktop/Work_2025-2026/LGA_Work/JM6/Silhouettes/Offit Modified/Offit Contours/234_silhouette_contour.svg,cm,17.9,25,17.9,TRUE,Item_234::Final_Geom,Item_234::Face_Curves,Item_234::Original_Curve,AutoCAD::Item_234::Scaled_Curve,AutoCAD::Item_234::Curve_Bbox,Item_234::Images,/Users/polinastepanova/Desktop/Work_2025-2026/LGA_Work/JM6/Silhouettes/Offit Modified/Offit Silhouettes/Combined/234_silhouette.png,255,244,8,8,246,240,8,8,8,3
235,235,,/Users/polinastepanova/Desktop/Work_2025-2026/LGA_Work/JM6/Silhouettes/Offit Modified/Offit Contours/235_silhouette_contour.svg,cm,17.5,17.7,17.5,TRUE,Item_235::Final_Geom,Item_235::Face_Curves,Item_235::Original_Curve,AutoCAD::Item_235::Scaled_Curve,AutoCAD::Item_235::Curve_Bbox,Item_235::Images,/Users/polinastepanova/Desktop/Work_2025-2026/LGA_Work/JM6/Silhouettes/Offit Modified/Offit Silhouettes/Combined/235_silhouette.png,737,800,34,17,696,789,34,40,17,10
236,236,,/Users/polinastepanova/Desktop/Work_2025-2026/LGA_Work/JM6/Silhouettes/Offit Modified/Offit Contours/236_silhouette_contour.svg,cm,13,38.1,13,TRUE,Item_236::Final_Geom,Item_236::Face_Curves,Item_236::Original_Curve,AutoCAD::Item_236::Scaled_Curve,AutoCAD::Item_236::Curve_Bbox,Item_236::Images,/Users/polinastepanova/Desktop/Work_2025-2026/LGA_Work/JM6/Silhouettes/Offit Modified/Offit Silhouettes/Combined/236_silhouette.png,511,800,23,16,481,776,23,29,16,23
260,260,,/Users/polinastepanova/Desktop/Work_2025-2026/LGA_Work/JM6/Silhouettes/Offit Modified/Offit Contours/260_silhouette_contour.svg,in,9,12.5,1,FALSE,Item_260::Final_Geom,Item_260::Face_Curves,Item_260::Original_Curve,AutoCAD::Item_260::Scaled_Curve,AutoCAD::Item_260::Curve_Bbox,Item_260::Images,/Users/polinastepanova/Desktop/Work_2025-2026/LGA_Work/JM6/Silhouettes/Offit Modified/Offit Silhouettes/Combined/260_silhouette.png,1600,1291,0,0,1599,1290,0,0,0,0
270,270,,/Users/polinastepanova/Desktop/Work_2025-2026/LGA_Work/JM6/Silhouettes/Offit Modified/Offit Contours/270_silhouette_contour.svg,cm,19.2,30.5,3,FALSE,Item_270::Final_Geom,Item_270::Face_Curves,Item_270::Original_Curve,AutoCAD::Item_270::Scaled_Curve,AutoCAD::Item_270::Curve_Bbox,Item_270::Images,/Users/polinastepanova/Desktop/Work_2025-2026/LGA_Work/JM6/Silhouettes/Offit Modified/Offit Silhouettes/Combined/270_silhouette.png,568,886,0,0,567,885,0,0,0,0
271a,271,a,/Users/polinastepanova/Desktop/Work_2025-2026/LGA_Work/JM6/Silhouettes/Offit Modified/Offit Contours/271a_silhouette_contour.svg,cm,7,9.5,1,FALSE,Item_271a::Final_Geom,Item_271a::Face_Curves,Item_271a::Original_Curve,AutoCAD::Item_271a::Scaled_Curve,AutoCAD::Item_271a::Curve_Bbox,Item_271a::Images,/Users/polinastepanova/Desktop/Work_2025-2026/LGA_Work/JM6/Silhouettes/Offit Modified/Offit Silhouettes/Combined/271a_silhouette.png,276,362,3,5,275,361,3,0,5,0
271b,271,b,/Users/polinastepanova/Desktop/Work_2025-2026/LGA_Work/JM6/Silhouettes/Offit Modified/Offit Contours/271b_silhouette_contour.svg,cm,7,9.5,1,FALSE,Item_271b::Final_Geom,Item_271b::Face_Curves,Item_271b::Original_Curve,AutoCAD::Item_271b::Scaled_Curve,AutoCAD::Item_271b::Curve_Bbox,Item_271b::Images,/Users/polinastepanova/Desktop/Work_2025-2026/LGA_Work/JM6/Silhouettes/Offit Modified/Offit Silhouettes/Combined/271b_silhouette.png,286,360,0,5,284,359,0,1,5,0
272a,272,a,/Users/polinastepanova/Desktop/Work_2025-2026/LGA_Work/JM6/Silhouettes/Offit Modified/Offit Contours/272a_silhouette_contour.svg,cm,15.1,21.1,3,FALSE,Item_272a::Final_Geom,Item_272a::Face_Curves,Item_272a::Original_Curve,AutoCAD::Item_272a::Scaled_Curve,AutoCAD::Item_272a::Curve_Bbox,Item_272a::Images,/Users/polinastepanova/Desktop/Work_2025-2026/LGA_Work/JM6/Silhouettes/Offit Modified/Offit Silhouettes/Combined/272a_silhouette.png,256,344,3,9,244,340,3,11,9,3
272b,272,b,/Users/polinastepanova/Desktop/Work_2025-2026/LGA_Work/JM6/Silhouettes/Offit Modified/Offit Contours/272b_silhouette_contour.svg,cm,15.1,21.1,3,FALSE,Item_272b::Final_Geom,Item_272b::Face_Curves,Item_272b::Original_Curve,AutoCAD::Item_272b::Scaled_Curve,AutoCAD::Item_272b::Curve_Bbox,Item_272b::Images,/Users/polinastepanova/Desktop/Work_2025-2026/LGA_Work/JM6/Silhouettes/Offit Modified/Offit Silhouettes/Combined/272b_silhouette.png,262,428,0,36,256,390,0,5,36,37
273a,273,a,/Users/polinastepanova/Desktop/Work_2025-2026/LGA_Work/JM6/Silhouettes/Offit Modified/Offit Contours/273a_silhouette_contour.svg,cm,20.5,26,3,FALSE,Item_273a::Final_Geom,Item_273a::Face_Curves,Item_273a::Original_Curve,AutoCAD::Item_273a::Scaled_Curve,AutoCAD::Item_273a::Curve_Bbox,Item_273a::Images,/Users/polinastepanova/Desktop/Work_2025-2026/LGA_Work/JM6/Silhouettes/Offit Modified/Offit Silhouettes/Combined/273a_silhouette.png,210,281,4,0,209,279,4,0,0,1
273b,273,b,/Users/polinastepanova/Desktop/Work_2025-2026/LGA_Work/JM6/Silhouettes/Offit Modified/Offit Contours/273b_silhouette_contour.svg,cm,20.5,26,3,FALSE,Item_273b::Final_Geom,Item_273b::Face_Curves,Item_273b::Original_Curve,AutoCAD::Item_273b::Scaled_Curve,AutoCAD::Item_273b::Curve_Bbox,Item_273b::Images,/Users/polinastepanova/Desktop/Work_2025-2026/LGA_Work/JM6/Silhouettes/Offit Modified/Offit Silhouettes/Combined/273b_silhouette.png,213,276,0,1,211,275,0,1,1,0
274,274,,/Users/polinastepanova/Desktop/Work_2025-2026/LGA_Work/JM6/Silhouettes/Offit Modified/Offit Contours/274_silhouette_contour.svg,cm,13,19,3,FALSE,Item_274::Final_Geom,Item_274::Face_Curves,Item_274::Original_Curve,AutoCAD::Item_274::Scaled_Curve,AutoCAD::Item_274::Curve_Bbox,Item_274::Images,/Users/polinastepanova/Desktop/Work_2025-2026/LGA_Work/JM6/Silhouettes/Offit Modified/Offit Silhouettes/Combined/274_silhouette.png,850,604,0,0,849,603,0,0,0,0
275,275,,/Users/polinastepanova/Desktop/Work_2025-2026/LGA_Work/JM6/Silhouettes/Offit Modified/Offit Contours/275_silhouette_contour.svg,cm,20,20,20,FALSE,Item_275::Final_Geom,Item_275::Face_Curves,Item_275::Original_Curve,AutoCAD::Item_275::Scaled_Curve,AutoCAD::Item_275::Curve_Bbox,Item_275::Images,/Users/polinastepanova/Desktop/Work_2025-2026/LGA_Work/JM6/Silhouettes/Offit Modified/Offit Silhouettes/Combined/275_silhouette.png,1310,982,0,67,1309,930,0,0,67,51
276,276,,/Users/polinastepanova/Desktop/Work_2025-2026/LGA_Work/JM6/Silhouettes/Offit Modified/Offit Contours/276_silhouette_contour.svg,cm,20,20,20,FALSE,Item_276::Final_Geom,Item_276::Face_Curves,Item_276::Original_Curve,AutoCAD::Item_276::Scaled_Curve,AutoCAD::Item_276::Curve_Bbox,Item_276::Images,/Users/polinastepanova/Desktop/Work_2025-2026/LGA_Work/JM6/Silhouettes/Offit Modified/Offit Silhouettes/Combined/276_silhouette.png,516,754,0,1,515,753,0,0,1,0